{
  "susu": 32654,
  "n": 30050,
  "sasa": 34219,
  "sdsds": 32803.5,
  "kmm": 14330.5,
  "dds": 11006.79999999702,
  "sys": 32326.10000000149
}